{
  "trained_at": "2026-01-28T21:37:34.921256",
  "n_samples": 7,
  "additive_bias": 1.148571428571428,
  "linear_slope": 0.9863534991631441,
  "linear_intercept": 1.557888473672327
}